amfi_code,alpha,beta,r_squared,scheme_name
149324,0.3001494401429583,0.004601795350759236,5.6551768243561726e-06,DSP Small Cap Fund - Regular - Growth
